{"cameraMode":{"drawMode":0,"name":"Shaded","section":"Shading Mode"},"sceneLighting":false,"audioPlay":false,"sceneViewState":{"showFog":true,"showMaterialUpdate":false,"showSkybox":false,"showFlares":true,"showImageEffects":true,"showParticleSystems":true},"in2DMode":false,"pivot":{"x":0.0774688720703125,"y":0.11700312793254852,"z":-0.013149380683898926},"rotation":{"x":-0.3654135465621948,"y":0.4824329614639282,"z":-0.23144303262233735,"w":-0.7616880536079407},"size":1.4324848651885987,"orthographic":false}